version,model_name,rmse_train,mae_train,r2_train,rmse_test,mae_test,r2_test
XGBoost,XGBRegressor,15510.8,11218.9,0.69,17866.77,12555.63,0.53
XGBoost Log,XGBRegressor,17333.417895225117,10682.380455386712,0.6151179541307276,19141.902190589597,13257.554911772671,0.4617543519352876
